<gmd:DQ_DomainConsistency xmlns:gmd="http://www.isotc211.org/2005/gmd"
                          xmlns:gco="http://www.isotc211.org/2005/gco"
                          xmlns:gmx="http://www.isotc211.org/2005/gmx"
                          xmlns:xlink="http://www.w3.org/1999/xlink">
   <gmd:result>
      <gmd:DQ_ConformanceResult>
         <gmd:specification>
            <gmd:CI_Citation>
               <gmd:title>
                  <gmx:Anchor xlink:href="http://data.europa.eu/eli/reg/2010/1089">VERORDENING (EU) Nr. 1089/2010 VAN DE COMMISSIE van 23 november 2010 ter uitvoering van Richtlijn 2007/2/EG van het Europees Parlement en de Raad betreffende de interoperabiliteit van verzamelingen ruimtelijke gegevens en van diensten met betrekking tot ruimtelijke gegevens</gmx:Anchor>
               </gmd:title>
               <gmd:date>
                  <gmd:CI_Date>
                     <gmd:date>
                        <gco:Date>2010-12-08</gco:Date>
                     </gmd:date>
                     <gmd:dateType>
                        <gmd:CI_DateTypeCode codeList="http://standards.iso.org/ittf/PubliclyAvailableStandards/ISO_19139_Schemas/resources/codelist/ML_gmxCodelists.xml#CI_DateTypeCode"
                                             codeListValue="publication"/>
                     </gmd:dateType>
                  </gmd:CI_Date>
               </gmd:date>
            </gmd:CI_Citation>
         </gmd:specification>
         <gmd:explanation gco:nilReason="missing">
            <gco:CharacterString/>
         </gmd:explanation>
         <gmd:pass>
            <gco:Boolean>true</gco:Boolean>
         </gmd:pass>
      </gmd:DQ_ConformanceResult>
   </gmd:result>
</gmd:DQ_DomainConsistency>