<gmd:DQ_DomainConsistency xmlns:gmd="http://www.isotc211.org/2005/gmd" xmlns:gco="http://www.isotc211.org/2005/gco" xmlns:gmx="http://www.isotc211.org/2005/gmx" xmlns:xlink="http://www.w3.org/1999/xlink"><gmd:result><gmd:DQ_ConformanceResult><gmd:specification><gmd:CI_Citation><gmd:title><gmx:Anchor xlink:href="http://data.europa.eu/eli/reg/2009/976">VERORDENING (EG) Nr. 976/2009 VAN DE COMMISSIE van 19 oktober 2009 tot uitvoering van Richtlijn 2007/2/EG van het Europees Parlement en de Raad wat betreft de netwerkdiensten</gmx:Anchor></gmd:title><gmd:date><gmd:CI_Date><gmd:date><gco:Date>2009-10-19</gco:Date></gmd:date><gmd:dateType><gmd:CI_DateTypeCode codeList="http://standards.iso.org/ittf/PubliclyAvailableStandards/ISO_19139_Schemas/resources/codelist/ML_gmxCodelists.xml#CI_DateTypeCode" codeListValue="publication"/></gmd:dateType></gmd:CI_Date></gmd:date></gmd:CI_Citation></gmd:specification><gmd:explanation gco:nilReason="missing"><gco:CharacterString/></gmd:explanation><gmd:pass><gco:Boolean>true</gco:Boolean></gmd:pass></gmd:DQ_ConformanceResult></gmd:result></gmd:DQ_DomainConsistency>
